INSERT INTO DISEASE_TYPE (Disease_Type_Code, Disease_Type_Description)
values 
 ('DIABETES',	'A chronic metabolic disease characterized by high blood sugar levels that result from the bodys inability to produce or properly use insulin.'),
 ('HEART_DISEASE','A group of cardiovascular diseases that affect the heart and blood vessels.'),
 ('CANCER','A group of diseases characterized by uncontrolled growth and spread of abnormal cells.'),
 ('ALZHEIMERS','A progressive neurodegenerative disease that causes dementia and memory loss.'),
 ('COPD',	'A chronic inflammatory lung disease that causes breathing difficulties.'),
 ('STROKE','A sudden loss of blood flow to the brain that damages brain cells.'),
 ('KIDNEY_DISEASE','A group of diseases that affect the kidneys and their ability to filter waste from the blood.'),
 ('LIVER_DISEASE','A group of diseases that affect the liver and its ability to function properly.'),
 ('MENTAL_HEALTH','A broad term that refers to a variety of conditions that affect mental health and well-being.'),
 ('HIV_AIDS', 'A chronic infectious disease caused by the human immunodeficiency virus (HIV) that weakens the immune system and can lead to AIDS.'),
 ('ARTHRITIS','A group of conditions that cause inflammation and pain in the joints.'),
 ('SEPSIS','A life-threatening condition that occurs when the bodys response to an infection injures its own tissues and organs.'),
 ('TUBERCULOSIS',	'A bacterial infection that affects the lungs and can spread to other parts of the body.'),
 ('MALARIA','A mosquito-borne infectious disease that causes fever, chills, and flu-like symptoms.'),
 ('DENGUE_FEVER',	'Dengue is a viral infection that spreads from mosquitoes to people');
 
INSERT INTO medicine (medicine_id, standard_industry_number, name , company, Active_Ingridient_Name)
VALUES ('1'	,'12345',	'Metformin'	,'Acme Pharmaceuticals', 'metformin hydrochloride'),
('2',	'56789',	'Insulin',	'Novo Nordisk',	'insulin glargine'),
('3',   '90123',	'Lipitor'	,'Pfizer'	,'atorvastatin calcium'),
('4',	'34567',	'Aricept'	,'Eisai'	,'donepezil hydrochloride'),
('5',	'78901',	'Sinemet',	'Merck & Co.', 'levodopa and carbidopa'),
('6',	'23456',	'Copaxone',	'Teva Pharmaceutical Industries',	'glatiramer acetate'),
('7',	'12345',	'Truvada',	'Gilead Sciences'	, 'emtricitabine and tenofovir disoproxil fumarate'),
('8',	'56789',	'Interferon','Merck Sharp & Dohme'	,'interferon alfa-2b'),
('9',	'90123',	'Isoniazid'	,'Pfizer'	,'isoniazid'),
('10',	'34567',	'Lariam',	'Roche',	'mefloquine hydrochloride'),
('11',	'78901',	'Denguevax', 'Sanofi Pasteur', 'dengue virus type 2 envelope glycoprotein'),
('12',	'23456',	'ZMapp',	'Mapp Biopharmaceutical',	'mixture of monoclonal antibodies'),
('13',	'12345',	'Tamiflu',	'Roche',	'oseltamivir phosphate'),
('14',	'56789'	, 'Amoxicillin','Pfizer',	'amoxicillin trihydrate'),
('15',	'90123',	'Ciprofloxacin',	'Bayer',	'ciprofloxacin hydrochloride'),
('16', '72391','Soliqua 100-33','Soliqya','insulin glargine and lixisenatide'),-- Diabetes
('17', '71979', 'Plavix', 'Sanofi', 'clopidogrel'), -- Antiplatelet for heart disease
('18', '09816', 'Lisinopril', 'Generic Pharma', 'lisinopril'), -- ACE inhibitor for hypertension
('19', '15268', 'Tamoxifen', 'AstraZeneca', 'tamoxifen'), -- Breast cancer treatment
('20', '17790', 'Cisplatin', 'Pfizer', 'cisplatin'), -- Chemotherapy for various cancers
('21', '88231', 'Donepezil', 'Eisai', 'donepezil'), -- Alzheimer's disease medication
('22', '96723', 'Memantine', 'Novartis', 'memantine'), -- Another medication for Alzheimer's
('23', '12765', 'Aspirin', 'Bayer', 'aspirin'), -- Antiplatelet for stroke prevention
('24', '12887', 'Clopidogrel', 'Sanofi', 'clopidogrel'); -- Another antiplatelet for stroke prevention
;

INSERT INTO LOCATIONS (Location_ID, City_Name, State_Province_Name , Country_Name, Developing_Flag, Wealth_Rank_Number)
VALUES ('61'	,'Tokyo'	,'Honshu'	,'Japan'	,'FALSE',	'8'),
('62',	'London',	'England',	'United Kingdom',	'FALSE',	'7'),
('63',	'Paris',	'Île-de-France',	'France',	'FALSE',	'6'),
('64',	'New York City',	'New York',	'United States',	'FALSE',	'9'),
('65',	'Berlin',	'Brandenburg',	'Germany',	'FALSE',	'5'),
('66',	'Beijing',	'Beijing',	'China',	'FALSE',	'4'),
('67',	'Delhi',	'Delhi',	'India',	'TRUE',	'3'),
('68'	,'São Paulo',	'São Paulo',	'Brazil',	'TRUE',	'6'),
('69',	'Sydney',	'New South Wales',	'Australia',	'FALSE',	'8'),
('70',	'Johannesburg',	'Gauteng',	'South Africa',	'TRUE',	'5'),
('71',	'Toronto',	'Ontario',	'Canada',	'FALSE',	'7'),
('72',	'Mexico City',	'Ciudad de México',	'Mexico',	'TRUE',	'4'),
('73',	'Buenos Aires',	'Buenos Aires',	'Argentina',	'TRUE',	'6'),
('74',	'Cairo',	'Cairo',	'Egypt',	'TRUE',	'3'),
('75',	'Moscow',	'Moscow',	'Russia',	'FALSE',	'5'),
('76', 'Osaka', 'Osaka', 'Japan', 'FALSE', '8'),
('77', 'Manchester', 'England', 'United Kingdom', 'FALSE', '7'),
('78', 'Lyon', 'Auvergne-Rhône-Alpes', 'France', 'FALSE', '6'),
('79', 'Los Angeles', 'California', 'United States', 'FALSE', '9'),
('80', 'Munich', 'Bavaria', 'Germany', 'FALSE', '5'),
('81', 'Shanghai', 'Shanghai', 'China', 'FALSE', '4'),
('82', 'Kolkata', 'West Bengal', 'India', 'TRUE', '3'),
('83', 'Rio de Janeiro', 'Rio de Janeiro', 'Brazil', 'TRUE', '6'),
('84', 'Melbourne', 'Victoria', 'Australia', 'FALSE', '8'),
('85', 'Cape Town', 'Western Cape', 'South Africa', 'TRUE', '5'),
('86', 'Vancouver', 'British Columbia', 'Canada', 'FALSE', '7'),
('87', 'Guadalajara', 'Jalisco', 'Mexico', 'TRUE', '4'),
('88', 'Córdoba', 'Córdoba', 'Argentina', 'TRUE', '6'),
('89', 'Luxor', 'Luxor Governorate', 'Egypt', 'TRUE', '3'),
('90', 'St. Petersburg', 'St. Petersburg', 'Russia', 'FALSE', '5'),
('91', 'Kyoto', 'Kyoto', 'Japan', 'FALSE', '8'),
('92', 'Birmingham', 'England', 'United Kingdom', 'FALSE', '7'),
('93', 'Marseille', 'Provence-Alpes-Côte d’Azur', 'France', 'FALSE', '6'),
('94', 'San Francisco', 'California', 'United States', 'FALSE', '9'),
('95', 'Hamburg', 'Hamburg', 'Germany', 'FALSE', '5'),
('96', 'Hong Kong', 'Hong Kong', 'China', 'FALSE', '4'),
('97', 'Chennai', 'Tamil Nadu', 'India', 'TRUE', '3'),
('98', 'Brasília', 'Federal District', 'Brazil', 'TRUE', '6'),
('99', 'Perth', 'Western Australia', 'Australia', 'FALSE', '8'),
('100', 'Durban', 'KwaZulu-Natal', 'South Africa', 'TRUE', '5'),
('101', 'Calgary', 'Alberta', 'Canada', 'FALSE', '7'),
('102', 'Monterrey', 'Nuevo León', 'Mexico', 'TRUE', '4'),
('103', 'Rosario', 'Santa Fe', 'Argentina', 'TRUE', '6'),
('104', 'Aswan', 'Aswan Governorate', 'Egypt', 'TRUE', '3'),
('105', 'Novosibirsk', 'Novosibirsk', 'Russia', 'FALSE', '5'),
('106', 'Fukuoka', 'Fukuoka', 'Japan', 'FALSE', '8'),
('107', 'Liverpool', 'England', 'United Kingdom', 'FALSE', '7'),
('108', 'Nice', 'Provence-Alpes-Côte d’Azur', 'France', 'FALSE', '6'),
('109', 'Seattle', 'Washington', 'United States', 'FALSE', '9'),
('110', 'Cologne', 'North Rhine-Westphalia', 'Germany', 'FALSE', '5'),
('111', 'Hangzhou', 'Zhejiang', 'China', 'FALSE', '4'),
('112', 'Hyderabad', 'Telangana', 'India', 'TRUE', '3'),
('113', 'Fortaleza', 'Ceará', 'Brazil', 'TRUE', '6'),
('114', 'Adelaide', 'South Australia', 'Australia', 'FALSE', '8'),
('115', 'Pretoria', 'Gauteng', 'South Africa', 'TRUE', '5'),
('116', 'Ottawa', 'Ontario', 'Canada', 'FALSE', '7'),
('117', 'Puebla', 'Puebla', 'Mexico', 'TRUE', '4'),
('118', 'Mar del Plata', 'Buenos Aires', 'Argentina', 'TRUE', '6'),
('119', 'Sharm El Sheikh', 'South Sinai Governorate', 'Egypt', 'TRUE', '3'),
('120', 'Yekaterinburg', 'Sverdlovsk Oblast', 'Russia', 'FALSE', '5');


INSERT INTO RACE (Race_Code, Race_Description)
VALUES 
('A',	'Asian'),
('B',	'Black or African American'),
('C',	'Caucasian'),
('D',	'Hispanic or Latino'),
('E',	'Middle Eastern'),
('F',	'Native American or Alaska Native'),
('G',	'Native Hawaiian or Other Pacific Islander'),
('H',	'Multiracial'),
('I',	'Other'),
('J',	'Unidentified'),
('K',	'White-Hispanic Origin'),
('L',	'Non-Hispanic White'),
('M',	'Other Asian'),
('N',	'Not Hispanic or Latino'),
('O',	'South Asian');

INSERT INTO Disease (disease_id, disease_name, intensity_level_qty, disease_type_cd, source_disease_cd)
VALUES 
('21',	'Diabetes',	'10',	'DIABETES',	'ICD-10-CM:E11'),
('22',	'Heart Disease',	'8',	'HEART_DISEASE',	'ICD-10-CM:I20-I25'),
('23',	'Cancer',	'5',	'CANCER',	'ICD-10-CM:C00-D48'),
('24',	'Alzheimers Disease',	'7',	'ALZHEIMERS',	'ICD-10-CM:G30'),
('25',	'Chronic Obstructive Pulmonary Disease (COPD)', '9'	,'COPD',	'ICD-10-CM:J44'),
('26',	'Stroke',	'6',	'STROKE',	'ICD-10-CM:I60-I69'),
('27',	'Kidney Disease',	'5',	'KIDNEY_DISEASE',	'ICD-10-CM:N00-N99'),
('28',	'Liver Disease',	'4',	'LIVER_DISEASE',	'ICD-10-CM:K70-K77'),
('29',	'Mental Health Disorders',	'7',	'MENTAL_HEALTH',	'ICD-10-CM:F00-F99'),
('30',	'HIV/AIDS',	'3',	'HIV_AIDS',	'ICD-10-CM:B20-B24'),
('31',	'Arthritis',	'6',	'ARTHRITIS',	'ICD-10-CM:M00-M99'),
('32',	'Sepsis',	'8',	'SEPSIS',	'ICD-10-CM:R57'),
('33',	'Tuberculosis',	'4',	'TUBERCULOSIS',	'ICD-10-CM:A15-A19'),
('34',	'Malaria',	'5',	'MALARIA',	'ICD-10-CM:B50'),
('35',	'Dengue Fever',	'7',	'DENGUE_FEVER','ICD-10-CM:A90');


INSERT INTO indication (medicine_id, disease_id, indication_date, effectiveness_percent)
VALUES 
('1',	'21',	'2023-10-20',	'85'),
('2',	'22',	'2023-11-01',	'70'),
('3',	'23',	'2023-08-15',	'60'),
('4',	'24',	'2023-06-01',	'90'),
('5',	'25',	'2023-09-25',	'55'),
('6',	'26',	'2023-12-10',	'80'),
('7',	'27',	'2023-07-07',	'45'),
('8',	'28',	'2023-05-22',	'30'),
('9',	'29',	'2023-10-05',	'75'),
('10',	'30',	'2023-08-08',	'25'),
('11',	'31',	'2023-11-28',	'65'),
('12',	'32',	'2023-09-12',	'88'),
('13',	'33',	'2023-07-30',	'40'),
('14',	'34',	'2023-06-20',	'50'),
('15',	'35',	'2023-10-31',	'72'),
('16',  '21',   '2020-09-15',   '70'),
('17',  '22',   '2019-10-12',   '77'),
('18',  '22',   '2020-05-27',   '80'),
('19',  '23',   '2020-01-20',   '78'),
('20',  '23',   '2020-09-15',   '68'),
('21',  '24',   '2010-06-16',   '70'),
('22',  '24',   '2006-10-16',   '88'),
('23',  '26',   '2019-06-11',   '70'),
('24',  '26',   '2018-11-16',   '82');

INSERT INTO PERSON (Person_id, Last_Name, First_Name, Gender, Primary_location_ID, Race_CD)
VALUES 
('41', 'Patel', 'Michael', 'M', 120, 'B'),
('42', 'Garcia', 'Samantha', 'F', 102, 'O'),
('43', 'Smith', 'John', 'M', 63, 'E'),
('44', 'Lee', 'Jessica', 'F', 114, 'K'),
('45', 'Williams', 'Christopher', 'M', 75, 'C'),
('46', 'Brown', 'Ashley', 'F', 116, 'L'),
('47', 'Jones', 'David', 'M', 117, 'A'),
('48', 'Miller', 'Jennifer', 'F', 108, 'H'),
('49', 'Davis', 'Matthew', 'M', 70, 'D'),
('50', 'Garcia', 'Elizabeth', 'F', 100, 'G'),
('51', 'Wilson', 'Thomas', 'M', 101, 'I'),
('52', 'Lopez', 'Emily', 'F', 90, 'J'),
('53', 'Johnson', 'James', 'M', 103, 'F'),
('54', 'Smith', 'Anna', 'F', 114, 'K'),
('55', 'Moore', 'William', 'M', 91, 'D'),
('56', 'Taylor', 'Olivia', 'F', 96, 'O'),
('57', 'Anderson', 'Daniel', 'M', 107, 'B'),
('58', 'Martinez', 'Sophia', 'F', 118, 'E'),
('59', 'Hernandez', 'Ethan', 'M', 109, 'G'),
('60', 'Young', 'Grace', 'F', 89,'L'),
('61', 'Gonzalez', 'Alexander', 'M', 76, 'A'),
('62', 'Davis', 'Isabella', 'F', 75, 'K'),
('63', 'Thomas', 'Lucas', 'M', 74, 'C'),
('64', 'Jackson', 'Ava', 'F', 73, 'H'),
('65', 'Clark', 'Elijah', 'M', 72, 'O'),
('66', 'Lewis', 'Mia', 'F', 71, 'G'),
('67', 'Wright', 'Daniel', 'M', 70, 'J'),
('68', 'Walker', 'Lily', 'F', 69, 'I'),
('69', 'King', 'Matthew', 'M', 68, 'B'),
('70', 'Scott', 'Chloe', 'F', 67, 'E'),
('71', 'Green', 'Logan', 'M', 66, 'D'),
('72', 'Adams', 'Sofia', 'F', 65, 'F'),
('73', 'Nelson', 'Liam', 'M', 64, 'K'),
('74', 'Hill', 'Emma', 'F', 63, 'G'),
('75', 'Baker', 'Aiden', 'M', 62, 'H'),
('76', 'Evans', 'Zoe', 'F', 61, 'J'),
('77', 'Perez', 'Noah', 'M', 97, 'G'),
('78', 'Harris', 'Madison', 'F', 98, 'H'),
('79', 'Bailey', 'Joshua', 'M', 99, 'I'),
('80', 'Rivera', 'Ella', 'F', 100, 'J'),
('81', 'Cooper', 'David', 'M', 101, 'K'),
('82', 'Richardson', 'Avery', 'F', 102, 'L'),
('83', 'Cox', 'Oliver', 'M', 103, 'M'),
('84', 'Howard', 'Emily', 'F', 104, 'N'),
('85', 'Ward', 'Carter', 'M', 105, 'O'),
('86', 'Collins', 'Sophie', 'F', 76, 'A'),
('87', 'Stewart', 'Jack', 'M', 78, 'H'),
('88', 'Sanchez', 'Avery', 'F', 79, 'D'),
('89', 'Morales', 'Lucas', 'M', 80, 'C'),
('90', 'Nguyen', 'Ella', 'F', 85, 'J'),
('91', 'Rogers', 'Logan', 'M', 77, 'G'),
('92', 'Cook', 'Grace', 'F', 82, 'L'),
('93', 'Morgan', 'Ethan', 'M', 84, 'K'),
('94', 'Murphy', 'Ava', 'F', 83, 'I'),
('95', 'Reed', 'Elijah', 'M', 81, 'B'),
('96', 'Gomez', 'Mia', 'F', 86, 'F'),
('97', 'Bennett', 'Daniel', 'M', 87, 'N'),
('98', 'Barnes', 'Lily', 'F', 88, 'O'),
('99', 'Gutierrez', 'Matthew', 'M', 89, 'A'),
('100', 'Harrison', 'Chloe', 'F', 90, 'M'),
('101', 'Fisher', 'Luke', 'M', 91, 'D'),
('102', 'Marshall', 'Samantha', 'F', 92, 'H'),
('103', 'Payne', 'Liam', 'M', 93, 'L'),
('104', 'West', 'Emma', 'F', 94, 'C'),
('105', 'Coleman', 'Aiden', 'M', 95, 'E'),
('106', 'Hunt', 'Zoe', 'F', 96, 'K'),
('107', 'Palmer', 'Noah', 'M', 97, 'G'),
('108', 'Woods', 'Madison', 'F', 98, 'B'),
('109', 'Diaz', 'Joshua', 'M', 99, 'O'),
('110', 'Griffin', 'Ella', 'F', 100, 'J'),
('111', 'Wallace', 'David', 'M', 101, 'N'),
('112', 'Russell', 'Avery', 'F', 102, 'I'),
('113', 'Myers', 'Oliver', 'M', 103, 'F'),
('114', 'Hamilton', 'Emily', 'F', 104, 'K'),
('115', 'Mcdonald', 'Carter', 'M', 105, 'A'),
('116', 'Bryant', 'Abigail', 'F', 106, 'H'),
('117', 'Alexander', 'Elijah', 'M', 107, 'C'),
('118', 'Ward', 'Zoe', 'F', 108, 'L'),
('119', 'Sullivan', 'Daniel', 'M', 109, 'D'),
('120', 'Duncan', 'Avery', 'F', 110, 'E'),
('121', 'Chavez', 'Lucy', 'F', 111, 'M'),
('122', 'Gibson', 'Henry', 'M', 112, 'G'),
('123', 'Bryant', 'Bella', 'F', 113, 'B'),
('124', 'Ellis', 'Mason', 'M', 114, 'O'),
('125', 'Steele', 'Grace', 'F', 115, 'A'),
('126', 'Watson', 'Caleb', 'M', 116, 'I'),
('127', 'Rice', 'Leah', 'F', 117, 'K'),
('128', 'Porter', 'Samuel', 'M', 118, 'L'),
('129', 'Reyes', 'Aria', 'F', 119, 'D'),
('130', 'Murray', 'Leo', 'M', 120, 'F');



INSERT INTO RACE_DISEASE_PROPENSITY (Race_code, disease_id, propensity_value)
VALUES 
('A',	21,	0.37),
('B',	22,	0.72),
('C',	23,	0.11),
('D',	24,	0.84),
('E',	25,	0.29),
('F',	26,	0.06),
('G',	27,	0.90),
('H',	28,	0.53),
('I',	29,	0.45),
('J',	30,	0.6),
('K',	31,	0.81),
('L',	32,	0.23),
('M',	33,	0.58),
('N',	34,	0.98),
('O',	35,	0.01);


INSERT INTO DISEASED_PATIENT (person_id, disease_id, severity_value, start_date, end_date)
VALUES
(41,	21,	0.7,	'2023-03-12',	'2023-10-05'),
(42,	25,	0.4,	'2023-08-24',	'2023-12-10'),
(43,	29,	0.2,	'2023-01-05',	'2023-06-14'),
(44,	24,	0.8,	'2023-05-01',	'2023-11-22'),
(45,	21,	0.9,	'2022-12-21',	'2023-09-18'),
(46,	26,	0.5,	'2023-07-10',	'2024-01-08'),
(47,	28,	0.3,	'2023-02-20',	'2023-08-01'),
(48,	27,	0.6,	'2023-06-28',	'2023-12-17'),
(49,	26,	0.1,	'2023-04-12',	'2023-10-26'),
(50,	21,	0.5,	'2023-09-04',	'2024-02-15'),
(51,	30,	0.8,	'2023-01-25',	'2023-07-27'),
(52,	31,	0.9,	'2023-03-08',	'2023-09-25'),
(53,	33,	0.2,	'2023-05-25',	'2023-11-10'),
(54,	21,	0.1,	'2023-02-15',	'2023-08-17'),
(55,	35,	0.6,	'2023-07-22',	'2024-01-22'),
(56, 	21, 0.3, '2023-09-01', '2023-11-15'),
(57, 22, 0.6, '2023-02-12', '2023-08-30'),
(58, 23, 0.8, '2023-06-05', '2023-12-28'),
(59, 35, 0.5, '2023-04-15', '2023-10-10'),
(60, 31, 0.4, '2023-07-18', '2024-01-05'),
(61, 33, 0.7, '2023-01-20', '2023-07-10'),
(62, 27, 0.2, '2023-10-02', '2024-02-25'),
(63, 34, 0.9, '2023-03-30', '2023-10-20'),
(64, 23, 0.3, '2023-08-14', '2024-02-08'),
(65, 30, 0.6, '2023-05-09', '2023-11-01'),
(66, 25, 0.1, '2023-09-25', '2024-03-18'),
(67, 32, 0.8, '2023-02-08', '2023-08-30'),
(68, 28, 0.5, '2023-11-10', '2024-05-02'),
(69, 26, 0.4, '2023-04-03', '2023-10-25'),
(70, 22, 0.7, '2023-07-31', '2024-01-22'),
(71, 21, 0.2, '2023-12-01', '2024-06-20'),
(72, 24, 0.9, '2023-03-25', '2023-09-15'),
(73, 35, 0.7, '2023-05-15', '2023-11-05'),
(74, 32, 0.4, '2023-10-18', '2024-04-08'),
(75, 33, 0.6, '2023-01-12', '2023-07-05'),
(76, 29, 0.3, '2023-06-09', '2023-12-31'),
(77, 26, 0.8, '2023-09-22', '2024-03-15'),
(75, 28, 0.4, '2023-08-24', '2023-12-10'),
(74, 32, 0.2, '2023-01-05', '2023-06-14'),
(78, 27, 0.8, '2023-05-01', '2023-11-22'),
(80, 21, 0.9, '2022-12-21', '2023-09-18'),
(79, 26, 0.5, '2023-07-10', '2024-01-08'),
(80, 28, 0.3, '2023-02-20', '2023-08-01'),
(81, 27, 0.6, '2023-06-28', '2023-12-17'),
(82, 26, 0.1, '2023-04-12', '2023-10-26'),
(84, 21, 0.5, '2023-09-04', '2024-02-15'),
(83, 30, 0.8, '2023-01-25', '2023-07-27'),
(85, 31, 0.9, '2023-03-08', '2023-09-25'),
(87, 33, 0.2, '2023-05-25', '2023-11-10'),
(86, 21, 0.1, '2023-02-15', '2023-08-17'),
(88, 35, 0.6, '2023-07-22', '2024-01-22'),
(89, 21, 0.3, '2023-09-01', '2023-11-15'),
(90, 22, 0.6, '2023-02-12', '2023-08-30'),
(92, 23, 0.8, '2023-06-05', '2023-12-28'),
(90, 35, 0.5, '2023-04-15', '2023-10-10'),
(93, 30, 0.4, '2023-07-18', '2024-01-05'),
(94, 33, 0.7, '2023-01-20', '2023-07-10'),
(95, 27, 0.2, '2023-10-02', '2024-02-25'),
(96, 34, 0.9, '2023-03-30', '2023-10-20'),
(95, 23, 0.3, '2023-08-14', '2024-02-08'),
(98, 30, 0.6, '2023-05-09', '2023-11-01'),
(97, 25, 0.1, '2023-09-25', '2024-03-18'),
(100, 32, 0.8, '2023-02-08', '2023-08-30'),
(101, 28, 0.5, '2023-11-10', '2024-05-02'),
(102, 26, 0.4, '2023-04-03', '2023-10-25'),
(104, 22, 0.7, '2023-07-31', '2024-01-22'),
(103, 21, 0.2, '2023-12-01', '2024-06-20'),
(105, 24, 0.9, '2023-03-25', '2023-09-15'),
(106, 35, 0.7, '2023-05-15', '2023-11-05'),
(107, 32, 0.4, '2023-10-18', '2024-04-08'),
(108, 33, 0.6, '2023-01-12', '2023-07-05'),
(109, 29, 0.3, '2023-06-09', '2023-12-31'),
(110, 26, 0.8, '2023-09-22', '2024-03-15'),
(112, 28, 0.5, '2023-04-30', '2023-10-22'),
(111, 31, 0.1, '2023-08-05', '2024-01-28'),
(113, 23, 0.9, '2023-12-03', '2024-06-25'),
(114, 24, 0.2, '2023-02-17', '2023-08-10'),
(115, 25, 0.7, '2023-07-14', '2024-01-05'),
(116, 34, 0.4, '2023-11-20', '2024-05-12'),
(117, 22, 0.6, '2023-03-10', '2023-09-02'),
(118, 30, 0.3, '2023-05-28', '2023-11-19'),
(119, 21, 0.5, '2023-09-01', '2023-11-15'),
(120, 22, 0.6, '2023-02-12', '2023-08-30'),
(121, 23, 0.8, '2023-06-05', '2023-12-28'),
(122, 24, 0.5, '2023-04-15', '2023-10-10'),
(123, 25, 0.4, '2023-07-18', '2024-01-05'),
(124, 26, 0.7, '2023-01-20', '2023-07-10'),
(125, 27, 0.2, '2023-10-02', '2024-02-25'),
(126, 28, 0.9, '2023-03-30', '2023-10-20'),
(127, 29, 0.3, '2023-08-14', '2024-02-08'),
(128, 30, 0.6, '2023-05-09', '2023-11-01'),
(129, 31, 0.1, '2023-09-25', '2024-03-18'),
(130, 32, 0.8, '2023-02-08', '2023-08-30');
